Date,CPIAUCSL,DGS10,FEDFUNDS
2019-01-01,252.561,,2.4
2019-01-02,252.561,2.66,2.4
2019-01-03,252.561,2.56,2.4
2019-01-04,252.561,2.67,2.4
2019-01-07,252.561,2.7,2.4
2019-01-08,252.561,2.73,2.4
2019-01-09,252.561,2.74,2.4
2019-01-10,252.561,2.74,2.4
2019-01-11,252.561,2.71,2.4
2019-01-14,252.561,2.71,2.4
2019-01-15,252.561,2.72,2.4
2019-01-16,252.561,2.73,2.4
2019-01-17,252.561,2.75,2.4
2019-01-18,252.561,2.79,2.4
2019-01-21,252.561,2.79,2.4
2019-01-22,252.561,2.74,2.4
2019-01-23,252.561,2.76,2.4
2019-01-24,252.561,2.72,2.4
2019-01-25,252.561,2.76,2.4
2019-01-28,252.561,2.75,2.4
2019-01-29,252.561,2.72,2.4
2019-01-30,252.561,2.7,2.4
2019-01-31,252.561,2.63,2.4
2019-02-01,253.319,2.7,2.4
2019-02-04,253.319,2.73,2.4
2019-02-05,253.319,2.71,2.4
2019-02-06,253.319,2.7,2.4
2019-02-07,253.319,2.65,2.4
2019-02-08,253.319,2.63,2.4
2019-02-11,253.319,2.65,2.4
2019-02-12,253.319,2.68,2.4
2019-02-13,253.319,2.71,2.4
2019-02-14,253.319,2.66,2.4
2019-02-15,253.319,2.66,2.4
2019-02-18,253.319,2.66,2.4
2019-02-19,253.319,2.65,2.4
2019-02-20,253.319,2.65,2.4
2019-02-21,253.319,2.69,2.4
2019-02-22,253.319,2.65,2.4
2019-02-25,253.319,2.67,2.4
2019-02-26,253.319,2.64,2.4
2019-02-27,253.319,2.69,2.4
2019-02-28,253.319,2.73,2.4
2019-03-01,254.277,2.76,2.41
2019-03-04,254.277,2.72,2.41
2019-03-05,254.277,2.72,2.41
2019-03-06,254.277,2.69,2.41
2019-03-07,254.277,2.64,2.41
2019-03-08,254.277,2.62,2.41
2019-03-11,254.277,2.64,2.41
2019-03-12,254.277,2.61,2.41
2019-03-13,254.277,2.61,2.41
2019-03-14,254.277,2.63,2.41
2019-03-15,254.277,2.59,2.41
2019-03-18,254.277,2.6,2.41
2019-03-19,254.277,2.61,2.41
2019-03-20,254.277,2.54,2.41
2019-03-21,254.277,2.54,2.41
2019-03-22,254.277,2.44,2.41
2019-03-25,254.277,2.43,2.41
2019-03-26,254.277,2.41,2.41
2019-03-27,254.277,2.39,2.41
2019-03-28,254.277,2.39,2.41
2019-03-29,254.277,2.41,2.41
2019-04-01,255.233,2.49,2.42
2019-04-02,255.233,2.48,2.42
2019-04-03,255.233,2.52,2.42
2019-04-04,255.233,2.51,2.42
2019-04-05,255.233,2.5,2.42
2019-04-08,255.233,2.52,2.42
2019-04-09,255.233,2.51,2.42
2019-04-10,255.233,2.48,2.42
2019-04-11,255.233,2.51,2.42
2019-04-12,255.233,2.56,2.42
2019-04-15,255.233,2.55,2.42
2019-04-16,255.233,2.6,2.42
2019-04-17,255.233,2.59,2.42
2019-04-18,255.233,2.57,2.42
2019-04-19,255.233,2.57,2.42
2019-04-22,255.233,2.59,2.42
2019-04-23,255.233,2.57,2.42
2019-04-24,255.233,2.53,2.42
2019-04-25,255.233,2.54,2.42
2019-04-26,255.233,2.51,2.42
2019-04-29,255.233,2.54,2.42
2019-04-30,255.233,2.51,2.42
2019-05-01,255.296,2.52,2.39
2019-05-02,255.296,2.55,2.39
2019-05-03,255.296,2.54,2.39
2019-05-06,255.296,2.51,2.39
2019-05-07,255.296,2.45,2.39
2019-05-08,255.296,2.49,2.39
2019-05-09,255.296,2.45,2.39
2019-05-10,255.296,2.47,2.39
2019-05-13,255.296,2.4,2.39
2019-05-14,255.296,2.42,2.39
2019-05-15,255.296,2.37,2.39
2019-05-16,255.296,2.4,2.39
2019-05-17,255.296,2.39,2.39
2019-05-20,255.296,2.41,2.39
2019-05-21,255.296,2.43,2.39
2019-05-22,255.296,2.39,2.39
2019-05-23,255.296,2.31,2.39
2019-05-24,255.296,2.32,2.39
2019-05-27,255.296,2.32,2.39
2019-05-28,255.296,2.26,2.39
2019-05-29,255.296,2.25,2.39
2019-05-30,255.296,2.22,2.39
2019-05-31,255.296,2.14,2.39
2019-06-01,255.213,2.14,2.38
2019-06-03,255.213,2.07,2.38
2019-06-04,255.213,2.12,2.38
2019-06-05,255.213,2.12,2.38
2019-06-06,255.213,2.12,2.38
2019-06-07,255.213,2.09,2.38
2019-06-10,255.213,2.15,2.38
2019-06-11,255.213,2.15,2.38
2019-06-12,255.213,2.13,2.38
2019-06-13,255.213,2.1,2.38
2019-06-14,255.213,2.09,2.38
2019-06-17,255.213,2.09,2.38
2019-06-18,255.213,2.06,2.38
2019-06-19,255.213,2.03,2.38
2019-06-20,255.213,2.01,2.38
2019-06-21,255.213,2.07,2.38
2019-06-24,255.213,2.02,2.38
2019-06-25,255.213,2.0,2.38
2019-06-26,255.213,2.05,2.38
2019-06-27,255.213,2.01,2.38
2019-06-28,255.213,2.0,2.38
2019-07-01,255.802,2.03,2.4
2019-07-02,255.802,1.98,2.4
2019-07-03,255.802,1.96,2.4
2019-07-04,255.802,1.96,2.4
2019-07-05,255.802,2.04,2.4
2019-07-08,255.802,2.05,2.4
2019-07-09,255.802,2.07,2.4
2019-07-10,255.802,2.07,2.4
2019-07-11,255.802,2.13,2.4
2019-07-12,255.802,2.12,2.4
2019-07-15,255.802,2.09,2.4
2019-07-16,255.802,2.13,2.4
2019-07-17,255.802,2.06,2.4
2019-07-18,255.802,2.04,2.4
2019-07-19,255.802,2.05,2.4
2019-07-22,255.802,2.05,2.4
2019-07-23,255.802,2.08,2.4
2019-07-24,255.802,2.05,2.4
2019-07-25,255.802,2.08,2.4
2019-07-26,255.802,2.08,2.4
2019-07-29,255.802,2.06,2.4
2019-07-30,255.802,2.06,2.4
2019-07-31,255.802,2.02,2.4
2019-08-01,256.036,1.9,2.13
2019-08-02,256.036,1.86,2.13
2019-08-05,256.036,1.75,2.13
2019-08-06,256.036,1.73,2.13
2019-08-07,256.036,1.71,2.13
2019-08-08,256.036,1.72,2.13
2019-08-09,256.036,1.74,2.13
2019-08-12,256.036,1.65,2.13
2019-08-13,256.036,1.68,2.13
2019-08-14,256.036,1.59,2.13
2019-08-15,256.036,1.52,2.13
2019-08-16,256.036,1.55,2.13
2019-08-19,256.036,1.6,2.13
2019-08-20,256.036,1.55,2.13
2019-08-21,256.036,1.59,2.13
2019-08-22,256.036,1.62,2.13
2019-08-23,256.036,1.52,2.13
2019-08-26,256.036,1.54,2.13
2019-08-27,256.036,1.49,2.13
2019-08-28,256.036,1.47,2.13
2019-08-29,256.036,1.5,2.13
2019-08-30,256.036,1.5,2.13
2019-09-01,256.43,1.5,2.04
2019-09-02,256.43,1.5,2.04
2019-09-03,256.43,1.47,2.04
2019-09-04,256.43,1.47,2.04
2019-09-05,256.43,1.57,2.04
2019-09-06,256.43,1.55,2.04
2019-09-09,256.43,1.63,2.04
2019-09-10,256.43,1.72,2.04
2019-09-11,256.43,1.75,2.04
2019-09-12,256.43,1.79,2.04
2019-09-13,256.43,1.9,2.04
2019-09-16,256.43,1.84,2.04
2019-09-17,256.43,1.81,2.04
2019-09-18,256.43,1.8,2.04
2019-09-19,256.43,1.79,2.04
2019-09-20,256.43,1.74,2.04
2019-09-23,256.43,1.72,2.04
2019-09-24,256.43,1.64,2.04
2019-09-25,256.43,1.73,2.04
2019-09-26,256.43,1.7,2.04
2019-09-27,256.43,1.69,2.04
2019-09-30,256.43,1.68,2.04
2019-10-01,257.155,1.65,1.83
2019-10-02,257.155,1.6,1.83
2019-10-03,257.155,1.54,1.83
2019-10-04,257.155,1.52,1.83
2019-10-07,257.155,1.56,1.83
2019-10-08,257.155,1.54,1.83
2019-10-09,257.155,1.59,1.83
2019-10-10,257.155,1.67,1.83
2019-10-11,257.155,1.76,1.83
2019-10-14,257.155,1.76,1.83
2019-10-15,257.155,1.77,1.83
2019-10-16,257.155,1.75,1.83
2019-10-17,257.155,1.76,1.83
2019-10-18,257.155,1.76,1.83
2019-10-21,257.155,1.8,1.83
2019-10-22,257.155,1.78,1.83
2019-10-23,257.155,1.77,1.83
2019-10-24,257.155,1.77,1.83
2019-10-25,257.155,1.8,1.83
2019-10-28,257.155,1.85,1.83
2019-10-29,257.155,1.84,1.83
2019-10-30,257.155,1.78,1.83
2019-10-31,257.155,1.69,1.83
2019-11-01,257.879,1.73,1.55
2019-11-04,257.879,1.79,1.55
2019-11-05,257.879,1.86,1.55
2019-11-06,257.879,1.81,1.55
2019-11-07,257.879,1.92,1.55
2019-11-08,257.879,1.94,1.55
2019-11-11,257.879,1.94,1.55
2019-11-12,257.879,1.92,1.55
2019-11-13,257.879,1.88,1.55
2019-11-14,257.879,1.82,1.55
2019-11-15,257.879,1.84,1.55
2019-11-18,257.879,1.81,1.55
2019-11-19,257.879,1.79,1.55
2019-11-20,257.879,1.73,1.55
2019-11-21,257.879,1.77,1.55
2019-11-22,257.879,1.77,1.55
2019-11-25,257.879,1.76,1.55
2019-11-26,257.879,1.74,1.55
2019-11-27,257.879,1.77,1.55
2019-11-28,257.879,1.77,1.55
2019-11-29,257.879,1.78,1.55
2019-12-01,258.63,1.78,1.55
2019-12-02,258.63,1.83,1.55
2019-12-03,258.63,1.72,1.55
2019-12-04,258.63,1.77,1.55
2019-12-05,258.63,1.8,1.55
2019-12-06,258.63,1.84,1.55
2019-12-09,258.63,1.83,1.55
2019-12-10,258.63,1.85,1.55
2019-12-11,258.63,1.79,1.55
2019-12-12,258.63,1.9,1.55
2019-12-13,258.63,1.82,1.55
2019-12-16,258.63,1.89,1.55
2019-12-17,258.63,1.89,1.55
2019-12-18,258.63,1.92,1.55
2019-12-19,258.63,1.92,1.55
2019-12-20,258.63,1.92,1.55
2019-12-23,258.63,1.93,1.55
2019-12-24,258.63,1.9,1.55
2019-12-25,258.63,1.9,1.55
2019-12-26,258.63,1.9,1.55
2019-12-27,258.63,1.88,1.55
2019-12-30,258.63,1.9,1.55
2019-12-31,258.63,1.92,1.55
2020-01-01,259.127,1.92,1.55
2020-01-02,259.127,1.88,1.55
2020-01-03,259.127,1.8,1.55
2020-01-06,259.127,1.81,1.55
2020-01-07,259.127,1.83,1.55
2020-01-08,259.127,1.87,1.55
2020-01-09,259.127,1.85,1.55
2020-01-10,259.127,1.83,1.55
2020-01-13,259.127,1.85,1.55
2020-01-14,259.127,1.82,1.55
2020-01-15,259.127,1.79,1.55
2020-01-16,259.127,1.81,1.55
2020-01-17,259.127,1.84,1.55
2020-01-20,259.127,1.84,1.55
2020-01-21,259.127,1.78,1.55
2020-01-22,259.127,1.77,1.55
2020-01-23,259.127,1.74,1.55
2020-01-24,259.127,1.7,1.55
2020-01-27,259.127,1.61,1.55
2020-01-28,259.127,1.65,1.55
2020-01-29,259.127,1.6,1.55
2020-01-30,259.127,1.57,1.55
2020-01-31,259.127,1.51,1.55
2020-02-01,259.25,1.51,1.58
2020-02-03,259.25,1.54,1.58
2020-02-04,259.25,1.61,1.58
2020-02-05,259.25,1.66,1.58
2020-02-06,259.25,1.65,1.58
2020-02-07,259.25,1.59,1.58
2020-02-10,259.25,1.56,1.58
2020-02-11,259.25,1.59,1.58
2020-02-12,259.25,1.62,1.58
2020-02-13,259.25,1.61,1.58
2020-02-14,259.25,1.59,1.58
2020-02-17,259.25,1.59,1.58
2020-02-18,259.25,1.55,1.58
2020-02-19,259.25,1.56,1.58
2020-02-20,259.25,1.52,1.58
2020-02-21,259.25,1.46,1.58
2020-02-24,259.25,1.38,1.58
2020-02-25,259.25,1.33,1.58
2020-02-26,259.25,1.33,1.58
2020-02-27,259.25,1.3,1.58
2020-02-28,259.25,1.13,1.58
2020-03-01,258.076,1.13,0.65
2020-03-02,258.076,1.1,0.65
2020-03-03,258.076,1.02,0.65
2020-03-04,258.076,1.02,0.65
2020-03-05,258.076,0.92,0.65
2020-03-06,258.076,0.74,0.65
2020-03-09,258.076,0.54,0.65
2020-03-10,258.076,0.76,0.65
2020-03-11,258.076,0.82,0.65
2020-03-12,258.076,0.88,0.65
2020-03-13,258.076,0.94,0.65
2020-03-16,258.076,0.73,0.65
2020-03-17,258.076,1.02,0.65
2020-03-18,258.076,1.18,0.65
2020-03-19,258.076,1.12,0.65
2020-03-20,258.076,0.92,0.65
2020-03-23,258.076,0.76,0.65
2020-03-24,258.076,0.84,0.65
2020-03-25,258.076,0.88,0.65
2020-03-26,258.076,0.83,0.65
2020-03-27,258.076,0.72,0.65
2020-03-30,258.076,0.7,0.65
2020-03-31,258.076,0.7,0.65
2020-04-01,256.032,0.62,0.05
2020-04-02,256.032,0.63,0.05
2020-04-03,256.032,0.62,0.05
2020-04-06,256.032,0.67,0.05
2020-04-07,256.032,0.75,0.05
2020-04-08,256.032,0.77,0.05
2020-04-09,256.032,0.73,0.05
2020-04-10,256.032,0.73,0.05
2020-04-13,256.032,0.76,0.05
2020-04-14,256.032,0.76,0.05
2020-04-15,256.032,0.63,0.05
2020-04-16,256.032,0.61,0.05
2020-04-17,256.032,0.65,0.05
2020-04-20,256.032,0.63,0.05
2020-04-21,256.032,0.58,0.05
2020-04-22,256.032,0.63,0.05
2020-04-23,256.032,0.61,0.05
2020-04-24,256.032,0.6,0.05
2020-04-27,256.032,0.67,0.05
2020-04-28,256.032,0.62,0.05
2020-04-29,256.032,0.63,0.05
2020-04-30,256.032,0.64,0.05
2020-05-01,255.802,0.64,0.05
2020-05-04,255.802,0.64,0.05
2020-05-05,255.802,0.66,0.05
2020-05-06,255.802,0.72,0.05
2020-05-07,255.802,0.63,0.05
2020-05-08,255.802,0.69,0.05
2020-05-11,255.802,0.73,0.05
2020-05-12,255.802,0.69,0.05
2020-05-13,255.802,0.64,0.05
2020-05-14,255.802,0.63,0.05
2020-05-15,255.802,0.64,0.05
2020-05-18,255.802,0.73,0.05
2020-05-19,255.802,0.7,0.05
2020-05-20,255.802,0.68,0.05
2020-05-21,255.802,0.68,0.05
2020-05-22,255.802,0.66,0.05
2020-05-25,255.802,0.66,0.05
2020-05-26,255.802,0.69,0.05
2020-05-27,255.802,0.68,0.05
2020-05-28,255.802,0.7,0.05
2020-05-29,255.802,0.65,0.05
2020-06-01,257.042,0.66,0.08
2020-06-02,257.042,0.68,0.08
2020-06-03,257.042,0.77,0.08
2020-06-04,257.042,0.82,0.08
2020-06-05,257.042,0.91,0.08
2020-06-08,257.042,0.88,0.08
2020-06-09,257.042,0.84,0.08
2020-06-10,257.042,0.75,0.08
2020-06-11,257.042,0.66,0.08
2020-06-12,257.042,0.71,0.08
2020-06-15,257.042,0.71,0.08
2020-06-16,257.042,0.75,0.08
2020-06-17,257.042,0.74,0.08
2020-06-18,257.042,0.71,0.08
2020-06-19,257.042,0.7,0.08
2020-06-22,257.042,0.71,0.08
2020-06-23,257.042,0.72,0.08
2020-06-24,257.042,0.69,0.08
2020-06-25,257.042,0.68,0.08
2020-06-26,257.042,0.64,0.08
2020-06-29,257.042,0.64,0.08
2020-06-30,257.042,0.66,0.08
2020-07-01,258.352,0.69,0.09
2020-07-02,258.352,0.68,0.09
2020-07-03,258.352,0.68,0.09
2020-07-06,258.352,0.69,0.09
2020-07-07,258.352,0.65,0.09
2020-07-08,258.352,0.67,0.09
2020-07-09,258.352,0.62,0.09
2020-07-10,258.352,0.65,0.09
2020-07-13,258.352,0.64,0.09
2020-07-14,258.352,0.63,0.09
2020-07-15,258.352,0.64,0.09
2020-07-16,258.352,0.62,0.09
2020-07-17,258.352,0.64,0.09
2020-07-20,258.352,0.62,0.09
2020-07-21,258.352,0.61,0.09
2020-07-22,258.352,0.6,0.09
2020-07-23,258.352,0.59,0.09
2020-07-24,258.352,0.59,0.09
2020-07-27,258.352,0.62,0.09
2020-07-28,258.352,0.59,0.09
2020-07-29,258.352,0.58,0.09
2020-07-30,258.352,0.55,0.09
2020-07-31,258.352,0.55,0.09
2020-08-01,259.316,0.55,0.1
2020-08-03,259.316,0.56,0.1
2020-08-04,259.316,0.52,0.1
2020-08-05,259.316,0.55,0.1
2020-08-06,259.316,0.55,0.1
2020-08-07,259.316,0.57,0.1
2020-08-10,259.316,0.59,0.1
2020-08-11,259.316,0.64,0.1
2020-08-12,259.316,0.69,0.1
2020-08-13,259.316,0.71,0.1
2020-08-14,259.316,0.71,0.1
2020-08-17,259.316,0.69,0.1
2020-08-18,259.316,0.67,0.1
2020-08-19,259.316,0.68,0.1
2020-08-20,259.316,0.65,0.1
2020-08-21,259.316,0.64,0.1
2020-08-24,259.316,0.65,0.1
2020-08-25,259.316,0.69,0.1
2020-08-26,259.316,0.69,0.1
2020-08-27,259.316,0.74,0.1
2020-08-28,259.316,0.74,0.1
2020-08-31,259.316,0.72,0.1
2020-09-01,259.997,0.68,0.09
2020-09-02,259.997,0.66,0.09
2020-09-03,259.997,0.63,0.09
2020-09-04,259.997,0.72,0.09
2020-09-07,259.997,0.72,0.09
2020-09-08,259.997,0.69,0.09
2020-09-09,259.997,0.71,0.09
2020-09-10,259.997,0.68,0.09
2020-09-11,259.997,0.67,0.09
2020-09-14,259.997,0.68,0.09
2020-09-15,259.997,0.68,0.09
2020-09-16,259.997,0.69,0.09
2020-09-17,259.997,0.69,0.09
2020-09-18,259.997,0.7,0.09
2020-09-21,259.997,0.68,0.09
2020-09-22,259.997,0.68,0.09
2020-09-23,259.997,0.68,0.09
2020-09-24,259.997,0.67,0.09
2020-09-25,259.997,0.66,0.09
2020-09-28,259.997,0.67,0.09
2020-09-29,259.997,0.66,0.09
2020-09-30,259.997,0.69,0.09
2020-10-01,260.319,0.68,0.09
2020-10-02,260.319,0.7,0.09
2020-10-05,260.319,0.78,0.09
2020-10-06,260.319,0.76,0.09
2020-10-07,260.319,0.81,0.09
2020-10-08,260.319,0.78,0.09
2020-10-09,260.319,0.79,0.09
2020-10-12,260.319,0.79,0.09
2020-10-13,260.319,0.74,0.09
2020-10-14,260.319,0.73,0.09
2020-10-15,260.319,0.74,0.09
2020-10-16,260.319,0.76,0.09
2020-10-19,260.319,0.78,0.09
2020-10-20,260.319,0.81,0.09
2020-10-21,260.319,0.83,0.09
2020-10-22,260.319,0.87,0.09
2020-10-23,260.319,0.85,0.09
2020-10-26,260.319,0.81,0.09
2020-10-27,260.319,0.79,0.09
2020-10-28,260.319,0.79,0.09
2020-10-29,260.319,0.85,0.09
2020-10-30,260.319,0.88,0.09
2020-11-01,260.911,0.88,0.09
2020-11-02,260.911,0.87,0.09
2020-11-03,260.911,0.9,0.09
2020-11-04,260.911,0.78,0.09
2020-11-05,260.911,0.79,0.09
2020-11-06,260.911,0.83,0.09
2020-11-09,260.911,0.96,0.09
2020-11-10,260.911,0.98,0.09
2020-11-11,260.911,0.98,0.09
2020-11-12,260.911,0.88,0.09
2020-11-13,260.911,0.89,0.09
2020-11-16,260.911,0.91,0.09
2020-11-17,260.911,0.87,0.09
2020-11-18,260.911,0.88,0.09
2020-11-19,260.911,0.86,0.09
2020-11-20,260.911,0.83,0.09
2020-11-23,260.911,0.86,0.09
2020-11-24,260.911,0.88,0.09
2020-11-25,260.911,0.88,0.09
2020-11-26,260.911,0.88,0.09
2020-11-27,260.911,0.84,0.09
2020-11-30,260.911,0.84,0.09
2020-12-01,262.045,0.92,0.09
2020-12-02,262.045,0.95,0.09
2020-12-03,262.045,0.92,0.09
2020-12-04,262.045,0.97,0.09
2020-12-07,262.045,0.94,0.09
2020-12-08,262.045,0.92,0.09
2020-12-09,262.045,0.95,0.09
2020-12-10,262.045,0.92,0.09
2020-12-11,262.045,0.9,0.09
2020-12-14,262.045,0.9,0.09
2020-12-15,262.045,0.92,0.09
2020-12-16,262.045,0.92,0.09
2020-12-17,262.045,0.94,0.09
2020-12-18,262.045,0.95,0.09
2020-12-21,262.045,0.95,0.09
2020-12-22,262.045,0.93,0.09
2020-12-23,262.045,0.96,0.09
2020-12-24,262.045,0.94,0.09
2020-12-25,262.045,0.94,0.09
2020-12-28,262.045,0.94,0.09
2020-12-29,262.045,0.94,0.09
2020-12-30,262.045,0.93,0.09
2020-12-31,262.045,0.93,0.09
2021-01-01,262.687,0.93,0.09
2021-01-04,262.687,0.93,0.09
2021-01-05,262.687,0.96,0.09
2021-01-06,262.687,1.04,0.09
2021-01-07,262.687,1.08,0.09
2021-01-08,262.687,1.13,0.09
2021-01-11,262.687,1.15,0.09
2021-01-12,262.687,1.15,0.09
2021-01-13,262.687,1.1,0.09
2021-01-14,262.687,1.15,0.09
2021-01-15,262.687,1.11,0.09
2021-01-18,262.687,1.11,0.09
2021-01-19,262.687,1.1,0.09
2021-01-20,262.687,1.1,0.09
2021-01-21,262.687,1.12,0.09
2021-01-22,262.687,1.1,0.09
2021-01-25,262.687,1.05,0.09
2021-01-26,262.687,1.05,0.09
2021-01-27,262.687,1.04,0.09
2021-01-28,262.687,1.07,0.09
2021-01-29,262.687,1.11,0.09
2021-02-01,263.579,1.09,0.08
2021-02-02,263.579,1.12,0.08
2021-02-03,263.579,1.15,0.08
2021-02-04,263.579,1.15,0.08
2021-02-05,263.579,1.19,0.08
2021-02-08,263.579,1.19,0.08
2021-02-09,263.579,1.18,0.08
2021-02-10,263.579,1.15,0.08
2021-02-11,263.579,1.16,0.08
2021-02-12,263.579,1.2,0.08
2021-02-15,263.579,1.2,0.08
2021-02-16,263.579,1.3,0.08
2021-02-17,263.579,1.29,0.08
2021-02-18,263.579,1.29,0.08
2021-02-19,263.579,1.34,0.08
2021-02-22,263.579,1.37,0.08
2021-02-23,263.579,1.37,0.08
2021-02-24,263.579,1.38,0.08
2021-02-25,263.579,1.54,0.08
2021-02-26,263.579,1.44,0.08
2021-03-01,264.961,1.45,0.07
2021-03-02,264.961,1.42,0.07
2021-03-03,264.961,1.47,0.07
2021-03-04,264.961,1.54,0.07
2021-03-05,264.961,1.56,0.07
2021-03-08,264.961,1.59,0.07
2021-03-09,264.961,1.55,0.07
2021-03-10,264.961,1.53,0.07
2021-03-11,264.961,1.54,0.07
2021-03-12,264.961,1.64,0.07
2021-03-15,264.961,1.62,0.07
2021-03-16,264.961,1.62,0.07
2021-03-17,264.961,1.63,0.07
2021-03-18,264.961,1.71,0.07
2021-03-19,264.961,1.74,0.07
2021-03-22,264.961,1.69,0.07
2021-03-23,264.961,1.63,0.07
2021-03-24,264.961,1.62,0.07
2021-03-25,264.961,1.63,0.07
2021-03-26,264.961,1.67,0.07
2021-03-29,264.961,1.73,0.07
2021-03-30,264.961,1.73,0.07
2021-03-31,264.961,1.74,0.07
2021-04-01,266.614,1.69,0.07
2021-04-02,266.614,1.72,0.07
2021-04-05,266.614,1.73,0.07
2021-04-06,266.614,1.67,0.07
2021-04-07,266.614,1.68,0.07
2021-04-08,266.614,1.64,0.07
2021-04-09,266.614,1.67,0.07
2021-04-12,266.614,1.69,0.07
2021-04-13,266.614,1.64,0.07
2021-04-14,266.614,1.64,0.07
2021-04-15,266.614,1.56,0.07
2021-04-16,266.614,1.59,0.07
2021-04-19,266.614,1.61,0.07
2021-04-20,266.614,1.58,0.07
2021-04-21,266.614,1.57,0.07
2021-04-22,266.614,1.57,0.07
2021-04-23,266.614,1.58,0.07
2021-04-26,266.614,1.58,0.07
2021-04-27,266.614,1.63,0.07
2021-04-28,266.614,1.63,0.07
2021-04-29,266.614,1.65,0.07
2021-04-30,266.614,1.65,0.07
2021-05-01,268.383,1.65,0.06
2021-05-03,268.383,1.63,0.06
2021-05-04,268.383,1.61,0.06
2021-05-05,268.383,1.59,0.06
2021-05-06,268.383,1.58,0.06
2021-05-07,268.383,1.6,0.06
2021-05-10,268.383,1.63,0.06
2021-05-11,268.383,1.64,0.06
2021-05-12,268.383,1.69,0.06
2021-05-13,268.383,1.66,0.06
2021-05-14,268.383,1.63,0.06
2021-05-17,268.383,1.64,0.06
2021-05-18,268.383,1.64,0.06
2021-05-19,268.383,1.68,0.06
2021-05-20,268.383,1.63,0.06
2021-05-21,268.383,1.63,0.06
2021-05-24,268.383,1.61,0.06
2021-05-25,268.383,1.56,0.06
2021-05-26,268.383,1.58,0.06
2021-05-27,268.383,1.61,0.06
2021-05-28,268.383,1.58,0.06
2021-05-31,268.383,1.58,0.06
2021-06-01,270.654,1.62,0.08
2021-06-02,270.654,1.59,0.08
2021-06-03,270.654,1.63,0.08
2021-06-04,270.654,1.56,0.08
2021-06-07,270.654,1.57,0.08
2021-06-08,270.654,1.53,0.08
2021-06-09,270.654,1.5,0.08
2021-06-10,270.654,1.45,0.08
2021-06-11,270.654,1.47,0.08
2021-06-14,270.654,1.51,0.08
2021-06-15,270.654,1.51,0.08
2021-06-16,270.654,1.57,0.08
2021-06-17,270.654,1.52,0.08
2021-06-18,270.654,1.45,0.08
2021-06-21,270.654,1.5,0.08
2021-06-22,270.654,1.48,0.08
2021-06-23,270.654,1.5,0.08
2021-06-24,270.654,1.49,0.08
2021-06-25,270.654,1.54,0.08
2021-06-28,270.654,1.49,0.08
2021-06-29,270.654,1.49,0.08
2021-06-30,270.654,1.45,0.08
2021-07-01,271.903,1.48,0.1
2021-07-02,271.903,1.44,0.1
2021-07-05,271.903,1.44,0.1
2021-07-06,271.903,1.37,0.1
2021-07-07,271.903,1.33,0.1
2021-07-08,271.903,1.3,0.1
2021-07-09,271.903,1.37,0.1
2021-07-12,271.903,1.38,0.1
2021-07-13,271.903,1.42,0.1
2021-07-14,271.903,1.37,0.1
2021-07-15,271.903,1.31,0.1
2021-07-16,271.903,1.31,0.1
2021-07-19,271.903,1.19,0.1
2021-07-20,271.903,1.23,0.1
2021-07-21,271.903,1.3,0.1
2021-07-22,271.903,1.27,0.1
2021-07-23,271.903,1.3,0.1
2021-07-26,271.903,1.29,0.1
2021-07-27,271.903,1.25,0.1
2021-07-28,271.903,1.26,0.1
2021-07-29,271.903,1.28,0.1
2021-07-30,271.903,1.24,0.1
2021-08-01,272.676,1.24,0.09
2021-08-02,272.676,1.2,0.09
2021-08-03,272.676,1.19,0.09
2021-08-04,272.676,1.19,0.09
2021-08-05,272.676,1.23,0.09
2021-08-06,272.676,1.31,0.09
2021-08-09,272.676,1.33,0.09
2021-08-10,272.676,1.36,0.09
2021-08-11,272.676,1.35,0.09
2021-08-12,272.676,1.36,0.09
2021-08-13,272.676,1.29,0.09
2021-08-16,272.676,1.26,0.09
2021-08-17,272.676,1.26,0.09
2021-08-18,272.676,1.27,0.09
2021-08-19,272.676,1.24,0.09
2021-08-20,272.676,1.26,0.09
2021-08-23,272.676,1.25,0.09
2021-08-24,272.676,1.29,0.09
2021-08-25,272.676,1.35,0.09
2021-08-26,272.676,1.34,0.09
2021-08-27,272.676,1.31,0.09
2021-08-30,272.676,1.29,0.09
2021-08-31,272.676,1.3,0.09
2021-09-01,273.91,1.31,0.08
2021-09-02,273.91,1.29,0.08
2021-09-03,273.91,1.33,0.08
2021-09-06,273.91,1.33,0.08
2021-09-07,273.91,1.38,0.08
2021-09-08,273.91,1.35,0.08
2021-09-09,273.91,1.3,0.08
2021-09-10,273.91,1.35,0.08
2021-09-13,273.91,1.33,0.08
2021-09-14,273.91,1.28,0.08
2021-09-15,273.91,1.31,0.08
2021-09-16,273.91,1.34,0.08
2021-09-17,273.91,1.37,0.08
2021-09-20,273.91,1.31,0.08
2021-09-21,273.91,1.33,0.08
2021-09-22,273.91,1.32,0.08
2021-09-23,273.91,1.41,0.08
2021-09-24,273.91,1.47,0.08
2021-09-27,273.91,1.48,0.08
2021-09-28,273.91,1.54,0.08
2021-09-29,273.91,1.55,0.08
2021-09-30,273.91,1.52,0.08
2021-10-01,276.55,1.48,0.08
2021-10-04,276.55,1.49,0.08
2021-10-05,276.55,1.54,0.08
2021-10-06,276.55,1.53,0.08
2021-10-07,276.55,1.58,0.08
2021-10-08,276.55,1.61,0.08
2021-10-11,276.55,1.61,0.08
2021-10-12,276.55,1.59,0.08
2021-10-13,276.55,1.56,0.08
2021-10-14,276.55,1.52,0.08
2021-10-15,276.55,1.59,0.08
2021-10-18,276.55,1.59,0.08
2021-10-19,276.55,1.65,0.08
2021-10-20,276.55,1.65,0.08
2021-10-21,276.55,1.68,0.08
2021-10-22,276.55,1.66,0.08
2021-10-25,276.55,1.64,0.08
2021-10-26,276.55,1.63,0.08
2021-10-27,276.55,1.54,0.08
2021-10-28,276.55,1.57,0.08
2021-10-29,276.55,1.55,0.08
2021-11-01,278.919,1.58,0.08
2021-11-02,278.919,1.56,0.08
2021-11-03,278.919,1.6,0.08
2021-11-04,278.919,1.53,0.08
2021-11-05,278.919,1.45,0.08
2021-11-08,278.919,1.51,0.08
2021-11-09,278.919,1.46,0.08
2021-11-10,278.919,1.56,0.08
2021-11-11,278.919,1.56,0.08
2021-11-12,278.919,1.58,0.08
2021-11-15,278.919,1.63,0.08
2021-11-16,278.919,1.63,0.08
2021-11-17,278.919,1.6,0.08
2021-11-18,278.919,1.59,0.08
2021-11-19,278.919,1.54,0.08
2021-11-22,278.919,1.63,0.08
2021-11-23,278.919,1.67,0.08
2021-11-24,278.919,1.64,0.08
2021-11-25,278.919,1.64,0.08
2021-11-26,278.919,1.48,0.08
2021-11-29,278.919,1.52,0.08
2021-11-30,278.919,1.43,0.08
2021-12-01,280.845,1.43,0.08
2021-12-02,280.845,1.44,0.08
2021-12-03,280.845,1.35,0.08
2021-12-06,280.845,1.43,0.08
2021-12-07,280.845,1.48,0.08
2021-12-08,280.845,1.52,0.08
2021-12-09,280.845,1.49,0.08
2021-12-10,280.845,1.48,0.08
2021-12-13,280.845,1.42,0.08
2021-12-14,280.845,1.44,0.08
2021-12-15,280.845,1.47,0.08
2021-12-16,280.845,1.44,0.08
2021-12-17,280.845,1.41,0.08
2021-12-20,280.845,1.43,0.08
2021-12-21,280.845,1.48,0.08
2021-12-22,280.845,1.46,0.08
2021-12-23,280.845,1.5,0.08
2021-12-24,280.845,1.5,0.08
2021-12-27,280.845,1.48,0.08
2021-12-28,280.845,1.49,0.08
2021-12-29,280.845,1.55,0.08
2021-12-30,280.845,1.52,0.08
2021-12-31,280.845,1.52,0.08
2022-01-01,282.543,1.52,0.08
2022-01-03,282.543,1.63,0.08
2022-01-04,282.543,1.66,0.08
2022-01-05,282.543,1.71,0.08
2022-01-06,282.543,1.73,0.08
2022-01-07,282.543,1.76,0.08
2022-01-10,282.543,1.78,0.08
2022-01-11,282.543,1.75,0.08
2022-01-12,282.543,1.74,0.08
2022-01-13,282.543,1.7,0.08
2022-01-14,282.543,1.78,0.08
2022-01-17,282.543,1.78,0.08
2022-01-18,282.543,1.87,0.08
2022-01-19,282.543,1.83,0.08
2022-01-20,282.543,1.83,0.08
2022-01-21,282.543,1.75,0.08
2022-01-24,282.543,1.75,0.08
2022-01-25,282.543,1.78,0.08
2022-01-26,282.543,1.85,0.08
2022-01-27,282.543,1.81,0.08
2022-01-28,282.543,1.78,0.08
2022-01-31,282.543,1.79,0.08
2022-02-01,284.5,1.81,0.08
2022-02-02,284.5,1.78,0.08
2022-02-03,284.5,1.82,0.08
2022-02-04,284.5,1.93,0.08
2022-02-07,284.5,1.92,0.08
2022-02-08,284.5,1.96,0.08
2022-02-09,284.5,1.94,0.08
2022-02-10,284.5,2.03,0.08
2022-02-11,284.5,1.92,0.08
2022-02-14,284.5,1.98,0.08
2022-02-15,284.5,2.05,0.08
2022-02-16,284.5,2.03,0.08
2022-02-17,284.5,1.97,0.08
2022-02-18,284.5,1.92,0.08
2022-02-21,284.5,1.92,0.08
2022-02-22,284.5,1.94,0.08
2022-02-23,284.5,1.99,0.08
2022-02-24,284.5,1.96,0.08
2022-02-25,284.5,1.97,0.08
2022-02-28,284.5,1.83,0.08
2022-03-01,287.674,1.72,0.2
2022-03-02,287.674,1.86,0.2
2022-03-03,287.674,1.86,0.2
2022-03-04,287.674,1.74,0.2
2022-03-07,287.674,1.78,0.2
2022-03-08,287.674,1.86,0.2
2022-03-09,287.674,1.94,0.2
2022-03-10,287.674,1.98,0.2
2022-03-11,287.674,2.0,0.2
2022-03-14,287.674,2.14,0.2
2022-03-15,287.674,2.15,0.2
2022-03-16,287.674,2.19,0.2
2022-03-17,287.674,2.2,0.2
2022-03-18,287.674,2.14,0.2
2022-03-21,287.674,2.32,0.2
2022-03-22,287.674,2.38,0.2
2022-03-23,287.674,2.32,0.2
2022-03-24,287.674,2.34,0.2
2022-03-25,287.674,2.48,0.2
2022-03-28,287.674,2.46,0.2
2022-03-29,287.674,2.41,0.2
2022-03-30,287.674,2.35,0.2
2022-03-31,287.674,2.32,0.2
2022-04-01,288.561,2.39,0.33
2022-04-04,288.561,2.42,0.33
2022-04-05,288.561,2.54,0.33
2022-04-06,288.561,2.61,0.33
2022-04-07,288.561,2.66,0.33
2022-04-08,288.561,2.72,0.33
2022-04-11,288.561,2.79,0.33
2022-04-12,288.561,2.72,0.33
2022-04-13,288.561,2.7,0.33
2022-04-14,288.561,2.83,0.33
2022-04-15,288.561,2.83,0.33
2022-04-18,288.561,2.85,0.33
2022-04-19,288.561,2.93,0.33
2022-04-20,288.561,2.85,0.33
2022-04-21,288.561,2.9,0.33
2022-04-22,288.561,2.9,0.33
2022-04-25,288.561,2.81,0.33
2022-04-26,288.561,2.77,0.33
2022-04-27,288.561,2.82,0.33
2022-04-28,288.561,2.85,0.33
2022-04-29,288.561,2.89,0.33
2022-05-01,291.298,2.89,0.77
2022-05-02,291.298,2.99,0.77
2022-05-03,291.298,2.97,0.77
2022-05-04,291.298,2.93,0.77
2022-05-05,291.298,3.05,0.77
2022-05-06,291.298,3.12,0.77
2022-05-09,291.298,3.05,0.77
2022-05-10,291.298,2.99,0.77
2022-05-11,291.298,2.91,0.77
2022-05-12,291.298,2.84,0.77
2022-05-13,291.298,2.93,0.77
2022-05-16,291.298,2.88,0.77
2022-05-17,291.298,2.98,0.77
2022-05-18,291.298,2.89,0.77
2022-05-19,291.298,2.84,0.77
2022-05-20,291.298,2.78,0.77
2022-05-23,291.298,2.86,0.77
2022-05-24,291.298,2.76,0.77
2022-05-25,291.298,2.75,0.77
2022-05-26,291.298,2.75,0.77
2022-05-27,291.298,2.74,0.77
2022-05-30,291.298,2.74,0.77
2022-05-31,291.298,2.85,0.77
2022-06-01,294.957,2.94,1.21
2022-06-02,294.957,2.92,1.21
2022-06-03,294.957,2.96,1.21
2022-06-06,294.957,3.04,1.21
2022-06-07,294.957,2.98,1.21
2022-06-08,294.957,3.03,1.21
2022-06-09,294.957,3.04,1.21
2022-06-10,294.957,3.15,1.21
2022-06-13,294.957,3.43,1.21
2022-06-14,294.957,3.49,1.21
2022-06-15,294.957,3.33,1.21
2022-06-16,294.957,3.28,1.21
2022-06-17,294.957,3.25,1.21
2022-06-20,294.957,3.25,1.21
2022-06-21,294.957,3.31,1.21
2022-06-22,294.957,3.16,1.21
2022-06-23,294.957,3.09,1.21
2022-06-24,294.957,3.13,1.21
2022-06-27,294.957,3.2,1.21
2022-06-28,294.957,3.2,1.21
2022-06-29,294.957,3.1,1.21
2022-06-30,294.957,2.98,1.21
2022-07-01,294.913,2.88,1.68
2022-07-04,294.913,2.88,1.68
2022-07-05,294.913,2.82,1.68
2022-07-06,294.913,2.93,1.68
2022-07-07,294.913,3.01,1.68
2022-07-08,294.913,3.09,1.68
2022-07-11,294.913,2.99,1.68
2022-07-12,294.913,2.96,1.68
2022-07-13,294.913,2.91,1.68
2022-07-14,294.913,2.96,1.68
2022-07-15,294.913,2.93,1.68
2022-07-18,294.913,2.96,1.68
2022-07-19,294.913,3.01,1.68
2022-07-20,294.913,3.04,1.68
2022-07-21,294.913,2.91,1.68
2022-07-22,294.913,2.77,1.68
2022-07-25,294.913,2.81,1.68
2022-07-26,294.913,2.81,1.68
2022-07-27,294.913,2.78,1.68
2022-07-28,294.913,2.68,1.68
2022-07-29,294.913,2.67,1.68
2022-08-01,295.097,2.6,2.33
2022-08-02,295.097,2.75,2.33
2022-08-03,295.097,2.73,2.33
2022-08-04,295.097,2.68,2.33
2022-08-05,295.097,2.83,2.33
2022-08-08,295.097,2.77,2.33
2022-08-09,295.097,2.8,2.33
2022-08-10,295.097,2.78,2.33
2022-08-11,295.097,2.87,2.33
2022-08-12,295.097,2.84,2.33
2022-08-15,295.097,2.79,2.33
2022-08-16,295.097,2.82,2.33
2022-08-17,295.097,2.89,2.33
2022-08-18,295.097,2.88,2.33
2022-08-19,295.097,2.98,2.33
2022-08-22,295.097,3.03,2.33
2022-08-23,295.097,3.05,2.33
2022-08-24,295.097,3.11,2.33
2022-08-25,295.097,3.03,2.33
2022-08-26,295.097,3.04,2.33
2022-08-29,295.097,3.12,2.33
2022-08-30,295.097,3.11,2.33
2022-08-31,295.097,3.15,2.33
2022-09-01,296.349,3.26,2.56
2022-09-02,296.349,3.2,2.56
2022-09-05,296.349,3.2,2.56
2022-09-06,296.349,3.33,2.56
2022-09-07,296.349,3.27,2.56
2022-09-08,296.349,3.29,2.56
2022-09-09,296.349,3.33,2.56
2022-09-12,296.349,3.37,2.56
2022-09-13,296.349,3.42,2.56
2022-09-14,296.349,3.41,2.56
2022-09-15,296.349,3.45,2.56
2022-09-16,296.349,3.45,2.56
2022-09-19,296.349,3.49,2.56
2022-09-20,296.349,3.57,2.56
2022-09-21,296.349,3.51,2.56
2022-09-22,296.349,3.7,2.56
2022-09-23,296.349,3.69,2.56
2022-09-26,296.349,3.88,2.56
2022-09-27,296.349,3.97,2.56
2022-09-28,296.349,3.72,2.56
2022-09-29,296.349,3.76,2.56
2022-09-30,296.349,3.83,2.56
2022-10-01,298.007,3.83,3.08
2022-10-03,298.007,3.67,3.08
2022-10-04,298.007,3.62,3.08
2022-10-05,298.007,3.76,3.08
2022-10-06,298.007,3.83,3.08
2022-10-07,298.007,3.89,3.08
2022-10-10,298.007,3.89,3.08
2022-10-11,298.007,3.93,3.08
2022-10-12,298.007,3.91,3.08
2022-10-13,298.007,3.97,3.08
2022-10-14,298.007,4.0,3.08
2022-10-17,298.007,4.02,3.08
2022-10-18,298.007,4.01,3.08
2022-10-19,298.007,4.14,3.08
2022-10-20,298.007,4.24,3.08
2022-10-21,298.007,4.21,3.08
2022-10-24,298.007,4.25,3.08
2022-10-25,298.007,4.1,3.08
2022-10-26,298.007,4.04,3.08
2022-10-27,298.007,3.96,3.08
2022-10-28,298.007,4.02,3.08
2022-10-31,298.007,4.1,3.08
2022-11-01,298.786,4.07,3.78
2022-11-02,298.786,4.1,3.78
2022-11-03,298.786,4.14,3.78
2022-11-04,298.786,4.17,3.78
2022-11-07,298.786,4.22,3.78
2022-11-08,298.786,4.14,3.78
2022-11-09,298.786,4.12,3.78
2022-11-10,298.786,3.82,3.78
2022-11-11,298.786,3.82,3.78
2022-11-14,298.786,3.88,3.78
2022-11-15,298.786,3.8,3.78
2022-11-16,298.786,3.67,3.78
2022-11-17,298.786,3.77,3.78
2022-11-18,298.786,3.82,3.78
2022-11-21,298.786,3.83,3.78
2022-11-22,298.786,3.76,3.78
2022-11-23,298.786,3.71,3.78
2022-11-24,298.786,3.71,3.78
2022-11-25,298.786,3.68,3.78
2022-11-28,298.786,3.69,3.78
2022-11-29,298.786,3.75,3.78
2022-11-30,298.786,3.68,3.78
2022-12-01,298.832,3.53,4.1
2022-12-02,298.832,3.51,4.1
2022-12-05,298.832,3.6,4.1
2022-12-06,298.832,3.51,4.1
2022-12-07,298.832,3.42,4.1
2022-12-08,298.832,3.48,4.1
2022-12-09,298.832,3.57,4.1
2022-12-12,298.832,3.61,4.1
2022-12-13,298.832,3.51,4.1
2022-12-14,298.832,3.49,4.1
2022-12-15,298.832,3.44,4.1
2022-12-16,298.832,3.48,4.1
2022-12-19,298.832,3.57,4.1
2022-12-20,298.832,3.69,4.1
2022-12-21,298.832,3.68,4.1
2022-12-22,298.832,3.67,4.1
2022-12-23,298.832,3.75,4.1
2022-12-26,298.832,3.75,4.1
2022-12-27,298.832,3.84,4.1
2022-12-28,298.832,3.88,4.1
2022-12-29,298.832,3.83,4.1
2022-12-30,298.832,3.88,4.1
2023-01-01,300.42,3.88,4.33
2023-01-02,300.42,3.88,4.33
2023-01-03,300.42,3.79,4.33
2023-01-04,300.42,3.69,4.33
2023-01-05,300.42,3.71,4.33
2023-01-06,300.42,3.55,4.33
2023-01-09,300.42,3.53,4.33
2023-01-10,300.42,3.61,4.33
2023-01-11,300.42,3.54,4.33
2023-01-12,300.42,3.43,4.33
2023-01-13,300.42,3.49,4.33
2023-01-16,300.42,3.49,4.33
2023-01-17,300.42,3.53,4.33
2023-01-18,300.42,3.37,4.33
2023-01-19,300.42,3.39,4.33
2023-01-20,300.42,3.48,4.33
2023-01-23,300.42,3.52,4.33
2023-01-24,300.42,3.46,4.33
2023-01-25,300.42,3.46,4.33
2023-01-26,300.42,3.49,4.33
2023-01-27,300.42,3.52,4.33
2023-01-30,300.42,3.55,4.33
2023-01-31,300.42,3.52,4.33
2023-02-01,301.45,3.39,4.57
2023-02-02,301.45,3.4,4.57
2023-02-03,301.45,3.53,4.57
2023-02-06,301.45,3.63,4.57
2023-02-07,301.45,3.67,4.57
2023-02-08,301.45,3.63,4.57
2023-02-09,301.45,3.67,4.57
2023-02-10,301.45,3.74,4.57
2023-02-13,301.45,3.72,4.57
2023-02-14,301.45,3.77,4.57
2023-02-15,301.45,3.81,4.57
2023-02-16,301.45,3.86,4.57
2023-02-17,301.45,3.82,4.57
2023-02-20,301.45,3.82,4.57
2023-02-21,301.45,3.95,4.57
2023-02-22,301.45,3.93,4.57
2023-02-23,301.45,3.88,4.57
2023-02-24,301.45,3.95,4.57
2023-02-27,301.45,3.92,4.57
2023-02-28,301.45,3.92,4.57
2023-03-01,301.821,4.01,4.65
2023-03-02,301.821,4.08,4.65
2023-03-03,301.821,3.97,4.65
2023-03-06,301.821,3.98,4.65
2023-03-07,301.821,3.97,4.65
2023-03-08,301.821,3.98,4.65
2023-03-09,301.821,3.93,4.65
2023-03-10,301.821,3.7,4.65
2023-03-13,301.821,3.55,4.65
2023-03-14,301.821,3.64,4.65
2023-03-15,301.821,3.51,4.65
2023-03-16,301.821,3.56,4.65
2023-03-17,301.821,3.39,4.65
2023-03-20,301.821,3.47,4.65
2023-03-21,301.821,3.59,4.65
2023-03-22,301.821,3.48,4.65
2023-03-23,301.821,3.38,4.65
2023-03-24,301.821,3.38,4.65
2023-03-27,301.821,3.53,4.65
2023-03-28,301.821,3.55,4.65
2023-03-29,301.821,3.57,4.65
2023-03-30,301.821,3.55,4.65
2023-03-31,301.821,3.48,4.65
2023-04-01,302.845,3.48,4.83
2023-04-03,302.845,3.43,4.83
2023-04-04,302.845,3.35,4.83
2023-04-05,302.845,3.3,4.83
2023-04-06,302.845,3.3,4.83
2023-04-07,302.845,3.39,4.83
2023-04-10,302.845,3.41,4.83
2023-04-11,302.845,3.43,4.83
2023-04-12,302.845,3.41,4.83
2023-04-13,302.845,3.45,4.83
2023-04-14,302.845,3.52,4.83
2023-04-17,302.845,3.6,4.83
2023-04-18,302.845,3.58,4.83
2023-04-19,302.845,3.6,4.83
2023-04-20,302.845,3.54,4.83
2023-04-21,302.845,3.57,4.83
2023-04-24,302.845,3.52,4.83
2023-04-25,302.845,3.4,4.83
2023-04-26,302.845,3.43,4.83
2023-04-27,302.845,3.53,4.83
2023-04-28,302.845,3.44,4.83
2023-05-01,303.334,3.59,5.06
2023-05-02,303.334,3.44,5.06
2023-05-03,303.334,3.38,5.06
2023-05-04,303.334,3.37,5.06
2023-05-05,303.334,3.44,5.06
2023-05-08,303.334,3.52,5.06
2023-05-09,303.334,3.53,5.06
2023-05-10,303.334,3.43,5.06
2023-05-11,303.334,3.39,5.06
2023-05-12,303.334,3.46,5.06
2023-05-15,303.334,3.5,5.06
2023-05-16,303.334,3.54,5.06
2023-05-17,303.334,3.57,5.06
2023-05-18,303.334,3.65,5.06
2023-05-19,303.334,3.7,5.06
2023-05-22,303.334,3.72,5.06
2023-05-23,303.334,3.7,5.06
2023-05-24,303.334,3.73,5.06
2023-05-25,303.334,3.83,5.06
2023-05-26,303.334,3.8,5.06
2023-05-29,303.334,3.8,5.06
2023-05-30,303.334,3.69,5.06
2023-05-31,303.334,3.64,5.06
2023-06-01,304.014,3.61,5.08
2023-06-02,304.014,3.69,5.08
2023-06-05,304.014,3.69,5.08
2023-06-06,304.014,3.7,5.08
2023-06-07,304.014,3.79,5.08
2023-06-08,304.014,3.73,5.08
2023-06-09,304.014,3.75,5.08
2023-06-12,304.014,3.73,5.08
2023-06-13,304.014,3.84,5.08
2023-06-14,304.014,3.83,5.08
2023-06-15,304.014,3.72,5.08
2023-06-16,304.014,3.77,5.08
2023-06-19,304.014,3.77,5.08
2023-06-20,304.014,3.74,5.08
2023-06-21,304.014,3.72,5.08
2023-06-22,304.014,3.8,5.08
2023-06-23,304.014,3.74,5.08
2023-06-26,304.014,3.72,5.08
2023-06-27,304.014,3.77,5.08
2023-06-28,304.014,3.71,5.08
2023-06-29,304.014,3.85,5.08
2023-06-30,304.014,3.81,5.08
2023-07-01,304.609,3.81,5.12
2023-07-03,304.609,3.86,5.12
2023-07-04,304.609,3.86,5.12
2023-07-05,304.609,3.95,5.12
2023-07-06,304.609,4.05,5.12
2023-07-07,304.609,4.06,5.12
2023-07-10,304.609,4.01,5.12
2023-07-11,304.609,3.99,5.12
2023-07-12,304.609,3.86,5.12
2023-07-13,304.609,3.76,5.12
2023-07-14,304.609,3.83,5.12
2023-07-17,304.609,3.81,5.12
2023-07-18,304.609,3.8,5.12
2023-07-19,304.609,3.75,5.12
2023-07-20,304.609,3.85,5.12
2023-07-21,304.609,3.84,5.12
2023-07-24,304.609,3.86,5.12
2023-07-25,304.609,3.91,5.12
2023-07-26,304.609,3.86,5.12
2023-07-27,304.609,4.01,5.12
2023-07-28,304.609,3.96,5.12
2023-07-31,304.609,3.97,5.12
2023-08-01,306.082,4.05,5.33
2023-08-02,306.082,4.08,5.33
2023-08-03,306.082,4.2,5.33
2023-08-04,306.082,4.05,5.33
2023-08-07,306.082,4.09,5.33
2023-08-08,306.082,4.02,5.33
2023-08-09,306.082,4.0,5.33
2023-08-10,306.082,4.09,5.33
2023-08-11,306.082,4.16,5.33
2023-08-14,306.082,4.19,5.33
2023-08-15,306.082,4.21,5.33
2023-08-16,306.082,4.28,5.33
2023-08-17,306.082,4.3,5.33
2023-08-18,306.082,4.26,5.33
2023-08-21,306.082,4.34,5.33
2023-08-22,306.082,4.34,5.33
2023-08-23,306.082,4.19,5.33
2023-08-24,306.082,4.23,5.33
2023-08-25,306.082,4.25,5.33
2023-08-28,306.082,4.2,5.33
2023-08-29,306.082,4.12,5.33
2023-08-30,306.082,4.12,5.33
2023-08-31,306.082,4.09,5.33
2023-09-01,307.276,4.18,5.33
2023-09-04,307.276,4.18,5.33
2023-09-05,307.276,4.27,5.33
2023-09-06,307.276,4.3,5.33
2023-09-07,307.276,4.27,5.33
2023-09-08,307.276,4.26,5.33
2023-09-11,307.276,4.29,5.33
2023-09-12,307.276,4.27,5.33
2023-09-13,307.276,4.25,5.33
2023-09-14,307.276,4.29,5.33
2023-09-15,307.276,4.33,5.33
2023-09-18,307.276,4.32,5.33
2023-09-19,307.276,4.37,5.33
2023-09-20,307.276,4.35,5.33
2023-09-21,307.276,4.49,5.33
2023-09-22,307.276,4.44,5.33
2023-09-25,307.276,4.55,5.33
2023-09-26,307.276,4.56,5.33
2023-09-27,307.276,4.61,5.33
2023-09-28,307.276,4.59,5.33
2023-09-29,307.276,4.59,5.33
2023-10-01,307.696,4.59,5.33
2023-10-02,307.696,4.69,5.33
2023-10-03,307.696,4.81,5.33
2023-10-04,307.696,4.73,5.33
2023-10-05,307.696,4.72,5.33
2023-10-06,307.696,4.78,5.33
2023-10-09,307.696,4.78,5.33
2023-10-10,307.696,4.66,5.33
2023-10-11,307.696,4.58,5.33
2023-10-12,307.696,4.7,5.33
2023-10-13,307.696,4.63,5.33
2023-10-16,307.696,4.71,5.33
2023-10-17,307.696,4.83,5.33
2023-10-18,307.696,4.91,5.33
2023-10-19,307.696,4.98,5.33
2023-10-20,307.696,4.93,5.33
2023-10-23,307.696,4.86,5.33
2023-10-24,307.696,4.83,5.33
2023-10-25,307.696,4.95,5.33
2023-10-26,307.696,4.86,5.33
2023-10-27,307.696,4.84,5.33
2023-10-30,307.696,4.88,5.33
2023-10-31,307.696,4.88,5.33
2023-11-01,308.148,4.77,5.33
2023-11-02,308.148,4.67,5.33
2023-11-03,308.148,4.57,5.33
2023-11-06,308.148,4.67,5.33
2023-11-07,308.148,4.58,5.33
2023-11-08,308.148,4.49,5.33
2023-11-09,308.148,4.62,5.33
2023-11-10,308.148,4.61,5.33
2023-11-13,308.148,4.63,5.33
2023-11-14,308.148,4.44,5.33
2023-11-15,308.148,4.53,5.33
2023-11-16,308.148,4.45,5.33
2023-11-17,308.148,4.44,5.33
2023-11-20,308.148,4.42,5.33
2023-11-21,308.148,4.41,5.33
2023-11-22,308.148,4.42,5.33
2023-11-23,308.148,4.42,5.33
2023-11-24,308.148,4.47,5.33
2023-11-27,308.148,4.39,5.33
2023-11-28,308.148,4.34,5.33
2023-11-29,308.148,4.27,5.33
2023-11-30,308.148,4.37,5.33
2023-12-01,308.741,4.22,5.33
2023-12-04,308.741,4.28,5.33
2023-12-05,308.741,4.18,5.33
2023-12-06,308.741,4.12,5.33
2023-12-07,308.741,4.14,5.33
2023-12-08,308.741,4.23,5.33
2023-12-11,308.741,4.23,5.33
2023-12-12,308.741,4.2,5.33
2023-12-13,308.741,4.04,5.33
2023-12-14,308.741,3.92,5.33
2023-12-15,308.741,3.91,5.33
2023-12-18,308.741,3.95,5.33
2023-12-19,308.741,3.93,5.33
2023-12-20,308.741,3.86,5.33
2023-12-21,308.741,3.89,5.33
2023-12-22,308.741,3.9,5.33
2023-12-25,308.741,3.9,5.33
2023-12-26,308.741,3.89,5.33
2023-12-27,308.741,3.79,5.33
2023-12-28,308.741,3.84,5.33
2023-12-29,308.741,3.88,5.33
2024-01-01,309.698,3.88,5.33
2024-01-02,309.698,3.95,5.33
2024-01-03,309.698,3.91,5.33
2024-01-04,309.698,3.99,5.33
2024-01-05,309.698,4.05,5.33
2024-01-08,309.698,4.01,5.33
2024-01-09,309.698,4.02,5.33
2024-01-10,309.698,4.04,5.33
2024-01-11,309.698,3.98,5.33
2024-01-12,309.698,3.96,5.33
2024-01-15,309.698,3.96,5.33
2024-01-16,309.698,4.07,5.33
2024-01-17,309.698,4.1,5.33
2024-01-18,309.698,4.14,5.33
2024-01-19,309.698,4.15,5.33
2024-01-22,309.698,4.11,5.33
2024-01-23,309.698,4.14,5.33
2024-01-24,309.698,4.18,5.33
2024-01-25,309.698,4.14,5.33
2024-01-26,309.698,4.15,5.33
2024-01-29,309.698,4.08,5.33
2024-01-30,309.698,4.06,5.33
2024-01-31,309.698,3.99,5.33
2024-02-01,310.967,3.87,5.33
2024-02-02,310.967,4.03,5.33
2024-02-05,310.967,4.17,5.33
2024-02-06,310.967,4.09,5.33
2024-02-07,310.967,4.09,5.33
2024-02-08,310.967,4.15,5.33
2024-02-09,310.967,4.17,5.33
2024-02-12,310.967,4.17,5.33
2024-02-13,310.967,4.31,5.33
2024-02-14,310.967,4.27,5.33
2024-02-15,310.967,4.24,5.33
2024-02-16,310.967,4.3,5.33
2024-02-19,310.967,4.3,5.33
2024-02-20,310.967,4.27,5.33
2024-02-21,310.967,4.32,5.33
2024-02-22,310.967,4.33,5.33
2024-02-23,310.967,4.26,5.33
2024-02-26,310.967,4.28,5.33
2024-02-27,310.967,4.31,5.33
2024-02-28,310.967,4.27,5.33
2024-02-29,310.967,4.25,5.33
2024-03-01,312.345,4.19,5.33
2024-03-04,312.345,4.22,5.33
2024-03-05,312.345,4.13,5.33
2024-03-06,312.345,4.11,5.33
2024-03-07,312.345,4.09,5.33
2024-03-08,312.345,4.09,5.33
2024-03-11,312.345,4.1,5.33
2024-03-12,312.345,4.16,5.33
2024-03-13,312.345,4.19,5.33
2024-03-14,312.345,4.29,5.33
2024-03-15,312.345,4.31,5.33
2024-03-18,312.345,4.34,5.33
2024-03-19,312.345,4.3,5.33
2024-03-20,312.345,4.27,5.33
2024-03-21,312.345,4.27,5.33
2024-03-22,312.345,4.22,5.33
2024-03-25,312.345,4.25,5.33
2024-03-26,312.345,4.24,5.33
2024-03-27,312.345,4.2,5.33
2024-03-28,312.345,4.2,5.33
2024-03-29,312.345,4.2,5.33
2024-04-01,313.023,4.33,5.33
2024-04-02,313.023,4.36,5.33
2024-04-03,313.023,4.36,5.33
2024-04-04,313.023,4.31,5.33
2024-04-05,313.023,4.39,5.33
2024-04-08,313.023,4.42,5.33
2024-04-09,313.023,4.36,5.33
2024-04-10,313.023,4.55,5.33
2024-04-11,313.023,4.56,5.33
2024-04-12,313.023,4.5,5.33
2024-04-15,313.023,4.63,5.33
2024-04-16,313.023,4.67,5.33
2024-04-17,313.023,4.59,5.33
2024-04-18,313.023,4.64,5.33
2024-04-19,313.023,4.62,5.33
2024-04-22,313.023,4.62,5.33
2024-04-23,313.023,4.61,5.33
2024-04-24,313.023,4.65,5.33
2024-04-25,313.023,4.7,5.33
2024-04-26,313.023,4.67,5.33
2024-04-29,313.023,4.63,5.33
2024-04-30,313.023,4.69,5.33
2024-05-01,313.175,4.63,5.33
2024-05-02,313.175,4.58,5.33
2024-05-03,313.175,4.5,5.33
2024-05-06,313.175,4.49,5.33
2024-05-07,313.175,4.47,5.33
2024-05-08,313.175,4.48,5.33
2024-05-09,313.175,4.45,5.33
2024-05-10,313.175,4.5,5.33
2024-05-13,313.175,4.48,5.33
2024-05-14,313.175,4.45,5.33
2024-05-15,313.175,4.36,5.33
2024-05-16,313.175,4.38,5.33
2024-05-17,313.175,4.42,5.33
2024-05-20,313.175,4.44,5.33
2024-05-21,313.175,4.41,5.33
2024-05-22,313.175,4.43,5.33
2024-05-23,313.175,4.47,5.33
2024-05-24,313.175,4.46,5.33
2024-05-27,313.175,4.46,5.33
2024-05-28,313.175,4.54,5.33
2024-05-29,313.175,4.61,5.33
2024-05-30,313.175,4.55,5.33
2024-05-31,313.175,4.51,5.33
2024-06-01,313.044,4.51,5.33
2024-06-03,313.044,4.41,5.33
2024-06-04,313.044,4.33,5.33
2024-06-05,313.044,4.29,5.33
2024-06-06,313.044,4.28,5.33
2024-06-07,313.044,4.43,5.33
2024-06-10,313.044,4.47,5.33
2024-06-11,313.044,4.39,5.33
2024-06-12,313.044,4.31,5.33
2024-06-13,313.044,4.24,5.33
2024-06-14,313.044,4.2,5.33
2024-06-17,313.044,4.28,5.33
2024-06-18,313.044,4.22,5.33
2024-06-19,313.044,4.22,5.33
2024-06-20,313.044,4.25,5.33
2024-06-21,313.044,4.25,5.33
2024-06-24,313.044,4.25,5.33
2024-06-25,313.044,4.23,5.33
2024-06-26,313.044,4.32,5.33
2024-06-27,313.044,4.29,5.33
2024-06-28,313.044,4.36,5.33
2024-07-01,313.569,4.48,5.33
2024-07-02,313.569,4.43,5.33
2024-07-03,313.569,4.36,5.33
2024-07-04,313.569,4.36,5.33
2024-07-05,313.569,4.28,5.33
2024-07-08,313.569,4.28,5.33
2024-07-09,313.569,4.3,5.33
2024-07-10,313.569,4.28,5.33
2024-07-11,313.569,4.2,5.33
2024-07-12,313.569,4.18,5.33
2024-07-15,313.569,4.23,5.33
2024-07-16,313.569,4.17,5.33
2024-07-17,313.569,4.16,5.33
2024-07-18,313.569,4.2,5.33
2024-07-19,313.569,4.25,5.33
2024-07-22,313.569,4.26,5.33
2024-07-23,313.569,4.25,5.33
2024-07-24,313.569,4.28,5.33
2024-07-25,313.569,4.27,5.33
2024-07-26,313.569,4.2,5.33
2024-07-29,313.569,4.17,5.33
2024-07-30,313.569,4.15,5.33
2024-07-31,313.569,4.09,5.33
2024-08-01,314.062,3.99,5.33
2024-08-02,314.062,3.8,5.33
2024-08-05,314.062,3.78,5.33
2024-08-06,314.062,3.9,5.33
2024-08-07,314.062,3.96,5.33
2024-08-08,314.062,3.99,5.33
2024-08-09,314.062,3.94,5.33
2024-08-12,314.062,3.9,5.33
2024-08-13,314.062,3.85,5.33
2024-08-14,314.062,3.83,5.33
2024-08-15,314.062,3.92,5.33
2024-08-16,314.062,3.89,5.33
2024-08-19,314.062,3.86,5.33
2024-08-20,314.062,3.82,5.33
2024-08-21,314.062,3.79,5.33
2024-08-22,314.062,3.86,5.33
2024-08-23,314.062,3.81,5.33
2024-08-26,314.062,3.82,5.33
2024-08-27,314.062,3.83,5.33
2024-08-28,314.062,3.84,5.33
2024-08-29,314.062,3.87,5.33
2024-08-30,314.062,3.91,5.33
2024-09-01,314.732,3.91,5.13
2024-09-02,314.732,3.91,5.13
2024-09-03,314.732,3.84,5.13
2024-09-04,314.732,3.77,5.13
2024-09-05,314.732,3.73,5.13
2024-09-06,314.732,3.72,5.13
2024-09-09,314.732,3.7,5.13
2024-09-10,314.732,3.65,5.13
2024-09-11,314.732,3.65,5.13
2024-09-12,314.732,3.68,5.13
2024-09-13,314.732,3.66,5.13
2024-09-16,314.732,3.63,5.13
2024-09-17,314.732,3.65,5.13
2024-09-18,314.732,3.7,5.13
2024-09-19,314.732,3.73,5.13
2024-09-20,314.732,3.73,5.13
2024-09-23,314.732,3.75,5.13
2024-09-24,314.732,3.74,5.13
2024-09-25,314.732,3.79,5.13
2024-09-26,314.732,3.79,5.13
2024-09-27,314.732,3.75,5.13
2024-09-30,314.732,3.81,5.13
2024-10-01,315.631,3.74,4.83
2024-10-02,315.631,3.79,4.83
2024-10-03,315.631,3.85,4.83
2024-10-04,315.631,3.98,4.83
2024-10-07,315.631,4.03,4.83
2024-10-08,315.631,4.04,4.83
2024-10-09,315.631,4.06,4.83
2024-10-10,315.631,4.09,4.83
2024-10-11,315.631,4.08,4.83
2024-10-14,315.631,4.08,4.83
2024-10-15,315.631,4.03,4.83
2024-10-16,315.631,4.02,4.83
2024-10-17,315.631,4.09,4.83
2024-10-18,315.631,4.08,4.83
2024-10-21,315.631,4.19,4.83
2024-10-22,315.631,4.2,4.83
2024-10-23,315.631,4.24,4.83
2024-10-24,315.631,4.21,4.83
2024-10-25,315.631,4.25,4.83
2024-10-28,315.631,4.28,4.83
2024-10-29,315.631,4.28,4.83
2024-10-30,315.631,4.29,4.83
2024-10-31,315.631,4.28,4.83
2024-11-01,316.528,4.37,4.64
2024-11-04,316.528,4.31,4.64
2024-11-05,316.528,4.26,4.64
2024-11-06,316.528,4.42,4.64
2024-11-07,316.528,4.31,4.64
2024-11-08,316.528,4.3,4.64
2024-11-11,316.528,4.3,4.64
2024-11-12,316.528,4.43,4.64
2024-11-13,316.528,4.44,4.64
2024-11-14,316.528,4.43,4.64
2024-11-15,316.528,4.43,4.64
2024-11-18,316.528,4.42,4.64
2024-11-19,316.528,4.39,4.64
2024-11-20,316.528,4.41,4.64
2024-11-21,316.528,4.43,4.64
2024-11-22,316.528,4.41,4.64
2024-11-25,316.528,4.27,4.64
2024-11-26,316.528,4.3,4.64
2024-11-27,316.528,4.25,4.64
2024-11-28,316.528,4.25,4.64
2024-11-29,316.528,4.18,4.64
2024-12-01,317.604,4.18,4.48
2024-12-02,317.604,4.19,4.48
2024-12-03,317.604,4.23,4.48
2024-12-04,317.604,4.19,4.48
2024-12-05,317.604,4.17,4.48
2024-12-06,317.604,4.15,4.48
2024-12-09,317.604,4.2,4.48
2024-12-10,317.604,4.22,4.48
2024-12-11,317.604,4.26,4.48
2024-12-12,317.604,4.32,4.48
2024-12-13,317.604,4.4,4.48
2024-12-16,317.604,4.39,4.48
2024-12-17,317.604,4.4,4.48
2024-12-18,317.604,4.5,4.48
2024-12-19,317.604,4.57,4.48
2024-12-20,317.604,4.52,4.48
2024-12-23,317.604,4.59,4.48
2024-12-24,317.604,4.59,4.48
2024-12-25,317.604,4.59,4.48
2024-12-26,317.604,4.58,4.48
2024-12-27,317.604,4.62,4.48
2024-12-30,317.604,4.55,4.48
2024-12-31,317.604,4.58,4.48
2025-01-01,318.961,4.58,4.33
2025-01-02,318.961,4.57,4.33
2025-01-03,318.961,4.6,4.33
2025-01-06,318.961,4.62,4.33
2025-01-07,318.961,4.67,4.33
2025-01-08,318.961,4.67,4.33
2025-01-09,318.961,4.68,4.33
2025-01-10,318.961,4.77,4.33
2025-01-13,318.961,4.79,4.33
2025-01-14,318.961,4.78,4.33
2025-01-15,318.961,4.66,4.33
2025-01-16,318.961,4.61,4.33
2025-01-17,318.961,4.61,4.33
2025-01-20,318.961,4.61,4.33
2025-01-21,318.961,4.57,4.33
2025-01-22,318.961,4.6,4.33
2025-01-23,318.961,4.65,4.33
2025-01-24,318.961,4.63,4.33
2025-01-27,318.961,4.53,4.33
2025-01-28,318.961,4.55,4.33
2025-01-29,318.961,4.55,4.33
2025-01-30,318.961,4.52,4.33
2025-01-31,318.961,4.58,4.33
2025-02-01,319.679,4.58,4.33
2025-02-03,319.679,4.54,4.33
2025-02-04,319.679,4.52,4.33
2025-02-05,319.679,4.43,4.33
2025-02-06,319.679,4.45,4.33
2025-02-07,319.679,4.49,4.33
2025-02-10,319.679,4.51,4.33
2025-02-11,319.679,4.54,4.33
2025-02-12,319.679,4.62,4.33
2025-02-13,319.679,4.52,4.33
2025-02-14,319.679,4.47,4.33
2025-02-17,319.679,4.47,4.33
2025-02-18,319.679,4.55,4.33
2025-02-19,319.679,4.53,4.33
2025-02-20,319.679,4.5,4.33
2025-02-21,319.679,4.42,4.33
2025-02-24,319.679,4.4,4.33
2025-02-25,319.679,4.3,4.33
2025-02-26,319.679,4.25,4.33
2025-02-27,319.679,4.29,4.33
2025-02-28,319.679,4.24,4.33
2025-03-01,319.785,4.24,4.33
2025-03-03,319.785,4.16,4.33
2025-03-04,319.785,4.22,4.33
2025-03-05,319.785,4.28,4.33
2025-03-06,319.785,4.29,4.33
2025-03-07,319.785,4.32,4.33
2025-03-10,319.785,4.22,4.33
2025-03-11,319.785,4.28,4.33
2025-03-12,319.785,4.32,4.33
2025-03-13,319.785,4.27,4.33
2025-03-14,319.785,4.31,4.33
2025-03-17,319.785,4.31,4.33
2025-03-18,319.785,4.29,4.33
2025-03-19,319.785,4.25,4.33
2025-03-20,319.785,4.24,4.33
2025-03-21,319.785,4.25,4.33
2025-03-24,319.785,4.34,4.33
2025-03-25,319.785,4.31,4.33
2025-03-26,319.785,4.35,4.33
2025-03-27,319.785,4.38,4.33
2025-03-28,319.785,4.27,4.33
2025-03-31,319.785,4.23,4.33
2025-04-01,320.302,4.17,4.33
2025-04-02,320.302,4.2,4.33
2025-04-03,320.302,4.06,4.33
2025-04-04,320.302,4.01,4.33
2025-04-07,320.302,4.15,4.33
2025-04-08,320.302,4.26,4.33
2025-04-09,320.302,4.34,4.33
2025-04-10,320.302,4.4,4.33
2025-04-11,320.302,4.48,4.33
2025-04-14,320.302,4.38,4.33
2025-04-15,320.302,4.35,4.33
2025-04-16,320.302,4.29,4.33
2025-04-17,320.302,4.34,4.33
2025-04-18,320.302,4.34,4.33
2025-04-21,320.302,4.42,4.33
2025-04-22,320.302,4.41,4.33
2025-04-23,320.302,4.4,4.33
2025-04-24,320.302,4.32,4.33
2025-04-25,320.302,4.29,4.33
2025-04-28,320.302,4.23,4.33
2025-04-29,320.302,4.19,4.33
2025-04-30,320.302,4.17,4.33
2025-05-01,320.62,4.25,4.33
2025-05-02,320.62,4.33,4.33
2025-05-05,320.62,4.36,4.33
2025-05-06,320.62,4.3,4.33
2025-05-07,320.62,4.26,4.33
2025-05-08,320.62,4.37,4.33
2025-05-09,320.62,4.37,4.33
2025-05-12,320.62,4.45,4.33
2025-05-13,320.62,4.49,4.33
2025-05-14,320.62,4.53,4.33
2025-05-15,320.62,4.45,4.33
2025-05-16,320.62,4.43,4.33
2025-05-19,320.62,4.46,4.33
2025-05-20,320.62,4.48,4.33
2025-05-21,320.62,4.58,4.33
2025-05-22,320.62,4.54,4.33
2025-05-23,320.62,4.51,4.33
2025-05-26,320.62,4.51,4.33
2025-05-27,320.62,4.43,4.33
2025-05-28,320.62,4.47,4.33
2025-05-29,320.62,4.43,4.33
2025-05-30,320.62,4.41,4.33
2025-06-01,321.435,4.41,4.33
2025-06-02,321.435,4.46,4.33
2025-06-03,321.435,4.46,4.33
2025-06-04,321.435,4.37,4.33
2025-06-05,321.435,4.4,4.33
2025-06-06,321.435,4.51,4.33
2025-06-09,321.435,4.49,4.33
2025-06-10,321.435,4.47,4.33
2025-06-11,321.435,4.41,4.33
2025-06-12,321.435,4.36,4.33
2025-06-13,321.435,4.41,4.33
2025-06-16,321.435,4.46,4.33
2025-06-17,321.435,4.39,4.33
2025-06-18,321.435,4.38,4.33
2025-06-19,321.435,4.38,4.33
2025-06-20,321.435,4.38,4.33
2025-06-23,321.435,4.34,4.33
2025-06-24,321.435,4.3,4.33
2025-06-25,321.435,4.29,4.33
2025-06-26,321.435,4.26,4.33
2025-06-27,321.435,4.29,4.33
2025-06-30,321.435,4.24,4.33
2025-07-01,322.169,4.26,4.33
2025-07-02,322.169,4.3,4.33
2025-07-03,322.169,4.35,4.33
2025-07-04,322.169,4.35,4.33
2025-07-07,322.169,4.4,4.33
2025-07-08,322.169,4.42,4.33
2025-07-09,322.169,4.34,4.33
2025-07-10,322.169,4.35,4.33
2025-07-11,322.169,4.43,4.33
2025-07-14,322.169,4.43,4.33
2025-07-15,322.169,4.5,4.33
2025-07-16,322.169,4.46,4.33
2025-07-17,322.169,4.47,4.33
2025-07-18,322.169,4.44,4.33
2025-07-21,322.169,4.38,4.33
2025-07-22,322.169,4.35,4.33
2025-07-23,322.169,4.4,4.33
2025-07-24,322.169,4.43,4.33
2025-07-25,322.169,4.4,4.33
2025-07-28,322.169,4.42,4.33
2025-07-29,322.169,4.34,4.33
2025-07-30,322.169,4.38,4.33
2025-07-31,322.169,4.37,4.33
2025-08-01,323.291,4.23,4.33
2025-08-04,323.291,4.22,4.33
2025-08-05,323.291,4.22,4.33
2025-08-06,323.291,4.22,4.33
2025-08-07,323.291,4.23,4.33
2025-08-08,323.291,4.27,4.33
2025-08-11,323.291,4.27,4.33
2025-08-12,323.291,4.29,4.33
2025-08-13,323.291,4.24,4.33
2025-08-14,323.291,4.29,4.33
2025-08-15,323.291,4.33,4.33
2025-08-18,323.291,4.34,4.33
2025-08-19,323.291,4.3,4.33
2025-08-20,323.291,4.29,4.33
2025-08-21,323.291,4.33,4.33
2025-08-22,323.291,4.26,4.33
2025-08-25,323.291,4.28,4.33
2025-08-26,323.291,4.26,4.33
2025-08-27,323.291,4.24,4.33
2025-08-28,323.291,4.22,4.33
2025-08-29,323.291,4.23,4.33
2025-09-01,324.245,4.23,4.22
2025-09-02,324.245,4.28,4.22
2025-09-03,324.245,4.22,4.22
2025-09-04,324.245,4.17,4.22
2025-09-05,324.245,4.1,4.22
2025-09-08,324.245,4.05,4.22
2025-09-09,324.245,4.08,4.22
2025-09-10,324.245,4.04,4.22
2025-09-11,324.245,4.01,4.22
2025-09-12,324.245,4.06,4.22
2025-09-15,324.245,4.05,4.22
2025-09-16,324.245,4.04,4.22
2025-09-17,324.245,4.06,4.22
2025-09-18,324.245,4.11,4.22
2025-09-19,324.245,4.14,4.22
2025-09-22,324.245,4.15,4.22
2025-09-23,324.245,4.12,4.22
2025-09-24,324.245,4.16,4.22
2025-09-25,324.245,4.18,4.22
2025-09-26,324.245,4.2,4.22
2025-09-29,324.245,4.15,4.22
2025-09-30,324.245,4.16,4.22
2025-10-01,324.245,4.12,4.09
2025-10-02,324.245,4.1,4.09
2025-10-03,324.245,4.13,4.09
2025-10-06,324.245,4.18,4.09
2025-10-07,324.245,4.14,4.09
2025-10-08,324.245,4.13,4.09
2025-10-09,324.245,4.14,4.09
2025-10-10,324.245,4.05,4.09
2025-10-13,324.245,4.05,4.09
2025-10-14,324.245,4.03,4.09
2025-10-15,324.245,4.05,4.09
2025-10-16,324.245,3.99,4.09
2025-10-17,324.245,4.02,4.09
2025-10-20,324.245,4.0,4.09
2025-10-21,324.245,3.98,4.09
2025-10-22,324.245,3.97,4.09
2025-10-23,324.245,4.01,4.09
2025-10-24,324.245,4.02,4.09
2025-10-27,324.245,4.01,4.09
2025-10-28,324.245,3.99,4.09
2025-10-29,324.245,4.08,4.09
2025-10-30,324.245,4.11,4.09
2025-10-31,324.245,4.11,4.09
2025-11-01,325.063,4.11,3.88
2025-11-03,325.063,4.13,3.88
2025-11-04,325.063,4.1,3.88
2025-11-05,325.063,4.17,3.88
2025-11-06,325.063,4.11,3.88
2025-11-07,325.063,4.11,3.88
2025-11-10,325.063,4.13,3.88
2025-11-11,325.063,4.13,3.88
2025-11-12,325.063,4.08,3.88
2025-11-13,325.063,4.11,3.88
2025-11-14,325.063,4.14,3.88
2025-11-17,325.063,4.13,3.88
2025-11-18,325.063,4.12,3.88
2025-11-19,325.063,4.13,3.88
2025-11-20,325.063,4.1,3.88
2025-11-21,325.063,4.06,3.88
2025-11-24,325.063,4.04,3.88
2025-11-25,325.063,4.01,3.88
2025-11-26,325.063,4.0,3.88
2025-11-27,325.063,4.0,3.88
2025-11-28,325.063,4.02,3.88
2025-12-01,326.031,4.09,3.72
2025-12-02,326.031,4.09,3.72
2025-12-03,326.031,4.06,3.72
2025-12-04,326.031,4.11,3.72
2025-12-05,326.031,4.14,3.72
2025-12-08,326.031,4.17,3.72
2025-12-09,326.031,4.18,3.72
2025-12-10,326.031,4.13,3.72
2025-12-11,326.031,4.14,3.72
2025-12-12,326.031,4.19,3.72
2025-12-15,326.031,4.18,3.72
2025-12-16,326.031,4.15,3.72
2025-12-17,326.031,4.16,3.72
2025-12-18,326.031,4.12,3.72
2025-12-19,326.031,4.16,3.72
2025-12-22,326.031,4.17,3.72
2025-12-23,326.031,4.18,3.72
2025-12-24,326.031,4.15,3.72
2025-12-25,326.031,4.15,3.72
2025-12-26,326.031,4.14,3.72
2025-12-29,326.031,4.12,3.72
2025-12-30,326.031,4.14,3.72
2025-12-31,326.031,4.18,3.72
2026-01-01,326.588,4.18,3.64
2026-01-02,326.588,4.19,3.64
2026-01-05,326.588,4.17,3.64
2026-01-06,326.588,4.18,3.64
2026-01-07,326.588,4.15,3.64
2026-01-08,326.588,4.19,3.64
2026-01-09,326.588,4.18,3.64
2026-01-12,326.588,4.19,3.64
2026-01-13,326.588,4.18,3.64
2026-01-14,326.588,4.15,3.64
2026-01-15,326.588,4.17,3.64
2026-01-16,326.588,4.24,3.64
2026-01-19,326.588,4.24,3.64
2026-01-20,326.588,4.3,3.64
2026-01-21,326.588,4.26,3.64
2026-01-22,326.588,4.26,3.64
2026-01-23,326.588,4.24,3.64
2026-01-26,326.588,4.22,3.64
2026-01-27,326.588,4.24,3.64
2026-01-28,326.588,4.26,3.64
2026-01-29,326.588,4.24,3.64
2026-01-30,326.588,4.26,3.64
2026-02-01,327.46,4.26,3.64
2026-02-02,327.46,4.29,3.64
2026-02-03,327.46,4.28,3.64
2026-02-04,327.46,4.29,3.64
2026-02-05,327.46,4.21,3.64
2026-02-06,327.46,4.22,3.64
2026-02-09,327.46,4.22,3.64
2026-02-10,327.46,4.16,3.64
2026-02-11,327.46,4.18,3.64
2026-02-12,327.46,4.09,3.64
2026-02-13,327.46,4.04,3.64
2026-02-16,327.46,4.04,3.64
2026-02-17,327.46,4.05,3.64
2026-02-18,327.46,4.09,3.64
2026-02-19,327.46,4.08,3.64
2026-02-20,327.46,4.08,3.64
2026-02-23,327.46,4.03,3.64
2026-02-24,327.46,4.04,3.64
2026-02-25,327.46,4.05,3.64
2026-02-26,327.46,4.02,3.64
2026-02-27,327.46,3.97,3.64
2026-03-01,327.46,3.97,3.64
2026-03-02,327.46,4.05,3.64
2026-03-03,327.46,4.06,3.64
2026-03-04,327.46,4.09,3.64
2026-03-05,327.46,4.13,3.64
2026-03-06,327.46,4.15,3.64
2026-03-09,327.46,4.12,3.64
2026-03-10,327.46,4.15,3.64
2026-03-11,327.46,4.21,3.64
2026-03-12,327.46,4.27,3.64
2026-03-13,327.46,4.28,3.64
2026-03-16,327.46,4.23,3.64
2026-03-17,327.46,4.2,3.64
2026-03-18,327.46,4.26,3.64
2026-03-19,327.46,4.25,3.64
2026-03-20,327.46,4.39,3.64
2026-03-23,327.46,4.34,3.64
2026-03-24,327.46,4.39,3.64
2026-03-25,327.46,4.33,3.64
2026-03-26,327.46,4.42,3.64
2026-03-27,327.46,4.44,3.64
2026-03-30,327.46,4.35,3.64
2026-03-31,327.46,4.3,3.64
2026-04-01,327.46,4.33,3.64
